intel_2,http://mwaintel.com/management-team/
intel_0,http://newsroom.intel.com/community/intel_newsroom/bios
intel_1,http://cliintel.com/cliintel/about-us/leadershipteam/
general mills_2,http://www.wikinvest.com/stock/General_Mills_(GIS)/General_Mills_Announces_New_Leadership_Structure
general mills_1,http://blog.generalmills.com/2011/10/building-great-leaders/
general mills_0,http://www.generalmills.com/Company/Leadership.aspx
bank of america merrill lynch_0,http://corp.bankofamerica.com/business/ci/babc-our-team
bank of america merrill lynch_1,http://baml.bankofamerica.com/your-vision/
bank of america merrill lynch_2,http://newsroom.bankofamerica.com/tom-montag
honeywell_0,http://honeywell.com/About/HoneywellLeadership/Pages/honeywell-leadership.aspx
us navy_0,http://www.analyticstrategies.com/about/leadership-team/
bbva compass_0,http://newsroom.bbvacompass.com/bios
bbva compass_1,http://www.prnewswire.com/news-releases/bbva-compass-enhances-birmingham-wealth-management-team-with-veteran-bankers-101816718.html
bbva compass_2,http://www.bizjournals.com/birmingham/news/2014/11/20/bbva-compass-announces-new-coo-and-leadership.html
microsoft_1,http://phys.org/news/2014-03-microsoft-nadella-leadership-team.html
kroger_1,http://www.prnewswire.com/news-releases/kroger-announces-kathleen-s-barclay-to-join-executive-team-as-senior-vice-president-of-human-resources-65193062.html
kroger_0,http://leadershippop.com/34825/kroger-leadership-team/
kroger_2,http://www.prnewswire.com/news-releases/kroger-announces-executive-changes-61886167.html
fedex_0,http://about.van.fedex.com/our-story/leadership/
fedex_1,http://www.scamtrends.com/fedex-online-team-management/
fedex_2,http://about.van.fedex.com/newsroom/asia-english/fedex-express-announces-key-appointments-to-asia-pacific-senior-management-team/
us bank_0,"http://www.glassdoor.com/Interview/U-S-Bank-Leadership-Development-Program-Interview-Questions-EI_IE8937.0,8_KO9,39.htm"
motorola_0,http://www.motorola.com/us/Motorola-Executive-Team/Motorola-Executive-Team.html
motorola_1,http://www.androidcentral.com/motorola-shuffling-around-executive-team
motorola_2,http://www.androidheadlines.com/2014/07/changes-happening-motorolas-leadership-team-ahead-lenovo-acquisition.html
chevron_1,http://www.prnewswire.com/news-releases/chevron-and-texaco-announce-leadership-team-and-organization-structure-for-proposed-post-merger-company-71308532.html
chevron_0,http://www.chevron.com/about/leadership/corporateofficers/
chevron_2,http://www.oronite.com/about/leadership-biographies.asp
symantec_2,http://securityresponse.symantec.com/en/uk/about/profile/management/
symantec_1,http://securityresponse.symantec.com/about/profile/management/
symantec_0,http://www.symantec.com/about/profile/management/executives/
northwestern mutual_0,https://www.northwesternmutual.com/about-us/who-guides-us/our-leaders
kimberly-clark_0,http://www.kimberly-clark.com/ourcompany/overview/leadership/sr_leadership.aspx
kimberly-clark_1,http://www.kimberly-clark.com/ourcompany/overview/leadership.aspx
progressive insurance_1,http://www.progressiveleadership.com/about.html
progressive insurance_0,https://www.progressive.com/progressive-insurance/leadership/
pwc_2,http://www.pwc.in/about-us/our-leaders.jhtml
pwc_0,http://www.pwc.com/gx/en/leadership/leadership-team.jhtml
pwc_1,http://www.pwc.com/us/en/about-us/leadership/index.jhtml
walgreens_2,http://www.walgreens.com/topic/about/company.jsp
principal financial group_1,http://www.principal.com/NorthernCalifornia/team.htm
walgreens_0,http://news.walgreens.com/executive-bios/
walgreens_1,http://finance.yahoo.com/news/Walgreens-Adds-to-Leadership-bw-3796172284.html
dell_2,http://www.secureworks.com/company/team/
dell_0,http://www.dell.com/learn/us/en/uscorp1/about-dell-leadership
dell_1,http://www.dell.com/learn/in/en/incorp1/about-dell-leadership
u.s. bank_2,https://reserve.usbank.com/about-us/leadership
u.s. bank_0,https://www.usbank.com/commercial-business/tax-credit-financing/senior-leadership-team.html
u.s. bank_1,https://reserve.usbank.com/about-us/our-leadership/wealth-management-leadership
kelly services_0,http://www.kellyservices.com/Global/About-Us/Kelly-Leadership/
kelly services_1,http://www.kellyservices.us/US/About-Us/Company-Information/Our-Leadership/
walmart_0,http://corporate.walmart.com/our-story/leadership/
walmart_1,http://corporate.walmart.com/our-story/leadership/executive-management/
walmart_2,http://news.walmart.com/news-archive/investors/announcement-of-walmart-us-leadership-team-1443998
wellpoint_0,http://www.antheminc.com/Investors/CorporateGovernance/Leadership/ExecutiveLeadership/index.htm
wellpoint_1,http://visionmonday.com/latest-news/article/wellpoint-restructures-specialty-business-leadership-team-1/
ups_0,http://pressroom.ups.com/About+UPS/UPS+Leadership
ups_1,http://theupsstore.ca/about/corporate-leadership/
procter & gamble_0,http://news.pg.com/about/executive_biographies
procter & gamble_1,http://www.wcpo.com/money/local-business-news/procter-gamble-pg-names-new-global-leadership-team
pnc bank_2,http://pnccapitaladvisors.com/our_people/leadership_management/management_teams/default.fs
pnc bank_0,https://www.pnc.com/en/about-pnc/company-profile/leadership-team.html
pnc bank_1,http://www.bizjournals.com/birmingham/news/2012/11/06/pnc-bank-names-alabama-executive-leaders.html
sprint nextel_0,http://newsroom.sprint.com/news-releases/sprint-nextel-announces-key-leadership-changes.htm
sprint nextel_1,http://www.cedmagazine.com/news/2008/01/sprint-shakes-up-management-team
nike_0,http://about.nike.com/pages/executives
nike_1,http://news.nike.com/news/nike-announces-strategic-leadership-changes
nike_2,http://www.managementparadise.com/forums/foundation-human-skills-f-h-s/221124-leadership-style-nike.html
jacobs engineering_0,http://www.shipcomwireless.com/about-us/leadership-team/
liberty mutual insurance_0,http://www.safeco.com/about-safeco/overview/leadership
liberty mutual insurance_1,http://www.simplyhired.com/k-management-team-members-liberty-mutual-group-jobs.html
liberty mutual insurance_2,http://www.safeco.com/about-safeco/news-detail/matt-nickerson-safeco-president/2237832482808
raytheon_1,http://www.raytheon.com/diversity/leadership/edlt/index.html
aflac_0,http://www.thestreet.com/story/11649473/1/aflac-adds-two-senior-executives-to-sales-force-leadership-team.html
best buy_1,http://www.bizjournals.com/twincities/news/2012/01/16/best-buy-realigns-top-leadership.html
best buy_0,http://www.twice.com/news/retail/best-buy-restructures-management-team/7069
best buy_2,http://www.minnpost.com/twin-cities-business/2013/02/analysts-praise-best-buys-new-leaders-companys-stock-climbs
rockwell automation_0,http://www.rockwellautomation.com/global/about-us/executives/overview.page
raytheon_2,http://www.solipsys.com/about-us/leadership-team.php
honeywell_2,http://www.prnewswire.com/news-releases/honeywell-announces-senior-leadership-changes-254184771.html
honeywell_1,http://www.honeywell-frictionmaterials.com/iam/fr/nc/en/news-and-media/news-and-media/article/read/new-leadership-team-at-honeywell-friction-materials-addressing-the-market-challenges-4/
medtronic_1,http://finance.yahoo.com/news/medtronic-announces-executive-leadership-team-110100071.html
medtronic_0,http://www.medtronic.com/about-us/company-profile/leadership/index.htm
the home depot_2,http://www.prnewswire.com/news-releases/the-home-depot-names-management-team-to-lead-its-professional-business-76128767.html
medtronic_2,http://www.medtronic.com.au/about-medtronic/leadership/index.htm
safeway_0,http://www.pleasantonweekly.com/news/2014/09/20/albertsons-safeway-name-leadership-team-for-newly-merged-company
safeway_1,http://finance.yahoo.com/news/albertsons-safeway-name-senior-leadership-174700991.html
safeway_2,http://www.drugstorenews.com/article/albertsons-safeway-unveil-new-senior-leadership-team-upon-merger
citi_2,http://www.cityofshoreline.com/government/informative/leadership-team
citi_0,http://www.citigroup.com/citi/about/our_leaders.html
citi_1,http://www.citi.com/citi/about/our_leaders.html#!Apte_2
john deere_2,http://www.managementexchange.com/story/raising-leadership-bar-john-deere-%22thou-shalt-nots%22
john deere_1,http://deerequipment.com/storepages/leadership_team.html
john deere_0,https://www.deere.com/en_US/corporate/our_company/about_us/leadership/executives/landing.page
va medical center_2,http://www.durham.va.gov/about/leadership.asp
va medical center_1,http://www.asheville.va.gov/about/leadership.asp
va medical center_0,http://www.washingtondc.va.gov/about/Leadership.asp
barclays capital_0,http://www.barclays.ae/management-team/index.html
barclays capital_1,https://www.pehub.com/2008/12/barclays-capital-names-ma-leadership-team/
barclays capital_2,https://about.etrade.com/leadership-team.cfm
department of veterans affairs_0,http://www.atlanta.va.gov/about/leadership.asp
department of veterans affairs_1,http://www.benefits.va.gov/philadelphia/leadership.asp
department of veterans affairs_2,http://www.benefits.va.gov/atlanta/leadership.asp
cisco systems_1,http://newsroom.cisco.com/exec-bios
cisco systems_0,http://www.cisco.com/web/ZA/contacts/leadership-team.html
cisco systems_2,http://newsroom.cisco.com/leadership
costco wholesale_0,http://addictedtocostco.com/2010/02/17/costco-executive-team-changes/
u.s. army_1,http://strategicstudiesinstitute.army.mil/military-leadership/
u.s. army_0,http://www.usarmyleader.com/chapter-3-leadership-roles-leadership-levels-and-leadership-teams/
home_2,https://corporate.homedepot.com/OurCompany/Leadership/Pages/default.aspx
home_0,http://www.wahve.com/about-us/leadership-team/
home_1,http://bayfair.com/leadership-team/
bb&t_1,http://www.prnewswire.com/news-releases/bbt-announces-changes-to-its-executive-management-team-72729447.html
bb&t_0,http://insurance.bbt.com/insurance/who-we-are/leadership-team.page
comcast cable_2,http://www.comcastspotlight.com/news/press-release/comcast-spotlight-announces-leadership-team-comcast-media-360-business-unit
comcast cable_1,http://www.comcastspotlight.com/about/management-bios
comcast cable_0,http://corporate.comcast.com/news-information/leadership-overview
staples_2,http://www.businesswire.com/news/home/20140130005111/en/Staples-Announces-Leadership-Team
staples_0,http://staples.newshq.businesswire.com/leadership
staples_1,http://venturebeat.com/2014/01/30/staples-announces-changes-to-leadership-team/
fifth third bank_1,https://www.53.com/about/corporate-governance/cg-executive-officers.html
fifth third bank_0,http://lei-consulting.com/executive-coaching
citigroup_0,http://www.citigroup.com/citi/about/our_leaders.html
deloitte consulting_1,http://deloitte.wsj.com/cio/2013/04/08/building-a-software-asset-management-team/
citigroup_2,http://www.citi.com/citi/about/our_leaders.html#!McGuire_44
boeing commercial airplanes_1,http://www.boeing.com/company/bios/michael-p-delaney.page
boeing commercial airplanes_0,http://www.boeing.com/company/about-bds/
boeing commercial airplanes_2,http://www.prnewswire.com/news-releases/boeing-names-new-commercial-airplane-program-site-leaders-300020123.html
pricewaterhousecoopers_0,http://www.pwc.com/us/en/about-us/leadership/index.jhtml
pricewaterhousecoopers_1,http://www.pwc.com/gx/en/leadership/leadership-team.jhtml
pricewaterhousecoopers_2,http://www.pwc.in/about-us/our-leaders.jhtml
mary kay inc._0,http://www.marykay.com/en-US/about-mary-kay/companyfounder/pages/executive-bios.aspx
mary kay inc._1,http://www.marykay.com/en-US/about-mary-kay/pages/executive-bios.aspx
mary kay inc._2,http://www.richmontholdings.com/team.html
general electric_2,http://www.gecapital.com/en/our-company/leadership.html
ericsson_2,http://www.marketwatch.com/story/ericsson-announces-change-in-executive-leadership-team-2015-01-15
ericsson_1,http://www.stockhouse.com/news/press-releases/2015/01/15/ericsson-announces-change-in-executive-leadership-team
ericsson_0,http://www.rcrwireless.com/20140606/workforce/jobs/ericsson-diversifies-leadership-team
hp enterprise services_0,http://www8.hp.com/us/en/hp-information/executive-team/team.html
cb richard ellis_0,http://www.costar.com/News/Article/CB-Richard-Ellis-Adds-to-Executive-Team/112689
honeywell aerospace_0,http://www.americantower.com/corporateus/company/leadership-team/index.htm
usaa_1,http://videos.ceoshow.com/usaa-effective-leadership-by-creating-a-mission
usaa_0,http://usaa.org/usaa_leadership.htm
nordstrom_0,http://goldenstatefamily.org/leadership-team/
centurylink_0,http://news.centurylink.com/company/bios
centurylink_1,http://www.centurylinktechnology.com/about/management-team
centurylink_2,http://www.centurylink.com/business/federal-gov/executives/
southwest airlines_2,http://tradesec.blogspot.com/2013/09/leadership-secrets-of-gary-kelly.html
southwest airlines_0,http://swamedia.com/channels/Our_Leaders/pages/bios
southwest airlines_1,http://quickbase.intuit.com/blog/2010/09/20/what-is-servant-leadership-thoughts-from-southwest-airlines-president-colleen-barrett/
unitedhealthcare_2,http://www.healthitoutcomes.com/doc/unitedhealthcare-shuffles-management-team-on-eve-of-open-enrollment-0001
unitedhealthcare_1,http://www.uhccommunityandstate.com/who-we-are/Leadership.html
unitedhealthcare_0,http://www.unitedhealthgroup.com/About/Executives.aspx
hewlett-packard_0,http://www8.hp.com/us/en/hp-information/executive-team/team.html
hewlett-packard_1,http://en.wikipedia.org/wiki/List_of_Hewlett-Packard_executive_leadership
hewlett-packard_2,http://leadershippop.com/18654/hewlett-packard-leadership-team/
microsoft_2,http://advertising.microsoft.com/en/executive-team
microsoft_0,http://news.microsoft.com/microsoft-senior-leaders/
lockheed martin_0,http://www.lockheedmartin.com/us/who-we-are/leadership.html
lockheed martin_1,http://id.lockheedmartin.com/company/leadership
lockheed martin_2,http://www.prnewswire.com/news-releases/dan-nelson-joins-lockheed-martin-communications-leadership-team-300018992.html
walt disney world_2,http://aboutdisneyparks.com/about/leadership-team/leslie-ferraro
walt disney world_0,http://aboutdisneyparks.com/about/leadership-team
walt disney world_1,http://disneycareers.com/en/about-disney/leadership/
mercer_0,http://www.benefitscanada.com/news/mercer-expands-vancouver-leadership-team-61671
ubs_0,http://www.thinkadvisor.com/2012/03/26/ubs-streamlines-mccanns-leadership-team
ubs_1,http://www.ubs.com/us/en/wealth/about_us/exe_committee.html
ubs_2,http://financialservicesinc.ubs.com/team/pwmchicagoleadership/meetourteam.html
the home depot_1,http://www.123helpme.com/home-depot-management-and-leadership-view.asp?id=166069
cox communications_0,http://www.coxmediagroup.com/news/cmg-press-releases/cox-enterprises-announces-executive-leadership-tra/nXTpF/
cox communications_1,http://www.cox.com/about/corpofficers.asp
cox communications_2,http://rbr.com/cox-enterprises-reshuffles-management-team/
uc berkeley_2,http://sharedservices.berkeley.edu/about/leadership/
uc berkeley_1,http://engineering.berkeley.edu/about/leadership-team/engineering-advisory-board
uc berkeley_0,http://sph.berkeley.edu/jmp/leadership-team
amgen_2,http://wwwext.amgen.com/about/leadership_team_michael_severino.html
amgen_0,http://www.amgen.com/about/leadership_team.html
amgen_1,http://www.amgen.com/about/leadership_team_madhavan_balachandran.html
pnc_1,https://www.pnc.com/en/about-pnc/media/media-contacts/spokespeople/e-william-stone.html
pnc_0,https://www.pnc.com/en/about-pnc/company-profile/leadership-team.html
pnc_2,http://pnccapitaladvisors.com/our_people/leadership_management/management_teams/default.fs
pepsico_1,http://origin-www.pepsico.com/Company/Leadership
pepsico_0,http://www.pepsico.com/annual09/corpInfo_pepsico_leadership.html
pepsico_2,http://www.prnewswire.com/news-releases/pepsico-announces-new-global-structure-and-leadership-to-drive-continued-growth-142287945.html
metlife_0,http://www.metlife.com.au/about/leaders/index.html
metlife_1,http://www.lifehealthpro.com/2011/11/21/metlife-debuts-reorganization-and-new-leadership-t
fluor_2,http://newsroom.fluor.com/press-release/company/fluors-chairman-realigns-executive-team
fluor_0,http://www.fluor.com/about_fluor/leadership/Pages/default.aspx
fluor_1,http://newsroom.fluor.com/press-release/fluor/fluor-makes-management-changes-savannah-river-nuclear-solutions-leadership-team
state street_2,http://www.ifdsgroup.com/about-us/leadership-team
state street_1,http://www.marketwatch.com/story/state-street-strengthens-investment-servicing-leadership-team-with-appointment-2014-10-27
state street_0,http://newsroom.statestreet.com/press-release/corporate/state-street-strengthens-investment-servicing-leadership-team-appointment
ibm_2,http://www.ibm.com/smarterplanet/us/en/leadership/overview/
ibm_0,http://www.ibm.com/investor/governance/executive-officers.html
ibm_1,http://nesystems.com/company/leadership/
ernst & young_0,http://www.forbes.com/sites/alanaglass/2013/06/24/ernst-young-studies-the-connection-between-female-executives-and-sports/
the boeing company_1,http://aviationpartnersboeing.com/about_leadership.php
the boeing company_0,http://www.boeing.com/company/about-bds/
the boeing company_2,http://www.cdgnow.com/about/management-team/
pfizer_2,http://www.prnewswire.com/news-releases/pfizer-announces-new-senior-leadership-team-72687367.html
pfizer_1,http://www.pfizer.com/about/leadership_and_structure/leadership_structure
pfizer_0,http://www.pfizer.com/about/leadership_and_structure/meet_executive_leaders
state of california_0,http://electronicrecyclers.com/about-us/executive-team
state of california_1,http://electronicrecyclers.com/about-us/executive-team.aspx
paychex_0,http://investor.paychex.com/governance/board.aspx
paychex_1,http://media.paychex.com/executive-biographies/
general motors_2,http://www.automobilemag.com/features/columns/1312_barra_and_reuss_new_leadership_team_for_general_motors/
general motors_1,http://www.reliableplant.com/Read/23162/General-Motors-leadership-team
general motors_0,http://www.gmfinancial.com/about-us/leadership-team.aspx
bny mellon_2,http://www.bnymellonwealthmanagement.com/wealth-management-professionals/wealth-management-leaders.html
bny mellon_1,http://us.bnymellonam.com/core/investment_managers_and_distribution/bny_mellon_pension_services/our_team/our_team.html
bny mellon_0,https://www.bnymellon.com/us/en/who-we-are/leadership/
usaf_0,http://www.afsc.com/about/leadership.html
ge capital_1,http://www.gecapital.com/en/our-company/leadership.html
ge capital_0,http://www.gecapital.com.au/our-leadership-team/
ge capital_2,http://www.ge.com/about-us/leadership/corporate-executives
amazon_1,http://www.amazon.com/Senior-Leadership-Teams-Center-Public/dp/1422103366
amazon_0,http://allthingsd.com/20130206/amazons-executive-team-is-shrinking/
amazon_2,"http://www.glassdoor.com/Salary/Amazon-com-Team-Leader-Salaries-E6036_D_KO11,22.htm"
starbucks_2,http://www.fool.com/investing/general/2014/01/29/howard-schultz-shakes-up-starbucks-leadership-team.aspx
starbucks_0,https://news.starbucks.com/leadership
starbucks_1,https://news.starbucks.com/news/starbucks-strengthens-senior-leadership-team
schlumberger_0,http://www.slb.com/about/execmanagement.aspx
schlumberger_1,http://www.blueback-reservoir.com/about-us/management-team
schlumberger_2,http://www.bg-group.com/198/about-us/leadership-team/andrew-gould/
coca-cola refreshments_1,http://www.ajc.com/news/business/coca-colas-list-of-north-american-executives/nQjTb/
coca-cola refreshments_0,http://www.ajc.com/news/business/coca-cola-announces-post-merger-leadership-team/nQjRz/
coca-cola refreshments_2,http://softdrinks.drinks-business-review.com/news/coca-cola-shuffles-executive-management-team-131213-4145483
us army_1,http://www.dcscorp.com/Our-Customers/US-Army.aspx
us army_0,http://ita.army.mil/Leadership.aspx
cgi_2,http://www.cgi.se/management-team
cgi_1,http://www.cgi-group.co.uk/management-team
cgi_0,https://www.clintonfoundation.org/clinton-global-initiative/about-us/leadership-team
xerox_2,http://www.business-standard.com/article/press-releases/xerox-india-strengthens-leadership-team-111082500125_1.html
principal financial group_2,http://www.desmoinesregister.com/story/money/business/2015/02/25/principal-financial-executive-changes/23993905/
glaxosmithkline_2,http://www.gsk.ca/english/html/about-gsk/our-executives.html
glaxosmithkline_1,http://www.gsk.com/en-gb/about-us/corporate-executive-team/
glaxosmithkline_0,http://us.gsk.com/en-us/about-us/us-pharmaceuticals-leadership-team/
aramark_1,http://www.aramarkuniform.com/why-aramark/leadership-team
aramark_0,http://www.aramark.com/AboutARAMARK/Leadership/
quest diagnostics_2,http://newsroom.questdiagnostics.com/2014-02-17-Quest-Diagnostics-Announces-Senior-Leadership-Appointments
aramark_2,http://www.aramarkleisure.com/leadership.aspx
emc_1,http://emcllc.com/about/leadership-team/
jpmorgan chase_0,https://www.chase.com/commercial-bank/finance/asset-based-lending-team
the hartford_0,http://www.thehartford.com/management-team
the hartford_1,https://www.hartfordfunds.com/about-us/leadership-team.html
the hartford_2,http://newsroom.thehartford.com/releases/the-hartford-strengthens-commercial-markets-leadership-team-with-three-appointments
jpmorgan chase_2,http://jpmchase.jobs/newark-de/asset-management-cpi-supportprojects-team-lead-vice-president-newark-de/6FF01065C6A6408C96DD1881C98B0DE5/job/
starbucks coffee company_1,http://www.hospitalityandcateringnews.com/2014/01/starbucks-strengthens-leadership-team-to-respond-to-evolving-retail-environment/
national oilwell varco_2,http://www.inddist.com/news/2013/11/nov-announces-name-team-members-its-distribution-spinoff
national oilwell varco_0,http://www.businesswire.com/news/home/20131125005152/en/National-Oilwell-Varco-Announces-Management-Team-Members
national oilwell varco_1,http://www.distributionnow.com/Company/News/NOV-Announces-Name-and-Management-Team-of-New-Distribution-Company/
booz allen hamilton_0,http://www.boozallen.com/about/leadership
booz allen hamilton_1,http://m.boozallen.com/about/leadership
sodexo_1,http://uk.sodexo.com/uken/about-sodexo/senior-management/management.aspx
sodexo_0,http://www.sodexo.com/en/finance/corporate-governance/executive/committee.aspx
sodexo_2,http://ru.sodexo.com/ruen/about-us/management-team/management-team.asp
fiserv_2,http://newsroom.fiserv.com/executive-bios.cfm
fiserv_0,http://www.bankintelligence.fiserv.com/cms/about-us/management-team.jsp
fiserv_1,http://people.equilar.com/bio/fiserv/company/2535
earthlink_0,http://www.earthlink.net/about/leaders/
earthlink_1,http://www.fiercetelecom.com/story/earthlink-puts-business-services-management-team-order/2011-07-26
united airlines_2,http://www.aviationpros.com/news/10379541/united-and-continental-announce-new-leadership-team
raytheon_0,http://www.raytheon.com/ourcompany/leadership/
united airlines_0,http://www.eturbonews.com/17517/united-and-continental-announce-new-leadership-team
united airlines_1,http://www.breakingtravelnews.com/news/article/change-of-leadership-at-united/
merck_0,http://www.merck.com/about/leadership/home.html
merck_1,http://www.merckserono.com/en/about_us/leadership/leadership.html
merck_2,"http://www.merckmillipore.com/INTL/en/about-us/leadership-team/K8.b.qB.owAAAAFBhkNhRKge,nav"
genentech_1,http://video.mit.edu/watch/leadership-lessons-from-an-uncommon-company-genentech-bill-anderson-7245/
genentech_0,http://www.gene.com/about-us/leadership/executive-committee
genentech_2,"http://www.glassdoor.com/Job/Genentech-regulatory-team-leader-Jobs-EI_IE274.0,9_KO10,32.htm"
verizon business_0,http://www.verizon.com/about/news/press-releases/verizon-business-announces-new-structure-and-leadership-team-international-business/
verizon business_1,http://www.prnewswire.co.uk/news-releases/verizon-business-announces-new-structure-and-leadership-team-for-international-business-153314315.html
oracle_2,http://www.mythics.com/about/leadership-team
oracle_1,http://theoracleinstitute.org/leadership
oracle_0,http://www.oracle.com/us/corporate/press/Executives/index.html
ucla_2,http://www.anderson.ucla.edu/executive-education
ucla_0,http://www.ucla.edu/about/leadership
ucla_1,http://www.anderson.ucla.edu/degrees/executive-mba/executive-leadership
capital one_0,http://www.capitalone.com/commercial/about/leadership/
capital one_1,http://www.capitalone.com/about/corporate-information/leadership/
capital one_2,http://www.washingtonpost.com/business/economy/capital-one-bank-restructures-management-team/2011/05/27/AGHYVwCH_story.html
ey_0,http://www.ey.com/IN/en/About-us/Our-global-approach/Our-leaders
jpmorgan chase_1,http://www.slideshare.net/finance2/jpmorgan-chase-leadership-team-and-our-businesses
emc_0,http://www.emc.com/corporate/emc-at-glance/exec-team/index.htm
emc_2,http://france.emc.com/corporate/emc-at-glance/exec-team/index.htm
travelers insurance_0,http://www.travelers.ie/about-us/leadership-team.aspx
travelers insurance_1,http://www.doublestarinc.com/about-us/leadership-team
deloitte consulting_0,http://www2.deloitte.com/ie/en/pages/about-deloitte/articles/leadership-team.html
wal-mart_2,http://news.walmart.com/news-archive/investors/announcement-of-walmart-us-leadership-team-1443998
tata consultancy services_0,http://www.tcs.com/about/corp_facts/leadership_team/Pages/default.aspx
wal-mart_0,http://corporate.walmart.com/our-story/leadership/
wal-mart_1,http://corporate.walmart.com/our-story/leadership/executive-management/
worleyparsons_2,http://www.malkujobs.com/jobs/other-jobs/environmental-management-and-approvals-team-lead-worleyparsons_i18872
worleyparsons_0,http://www.worleyparsons.com/GlobalPresence/ANZ/New%20Zealand/Pages/Leadership.aspx
worleyparsons_1,http://www.nanaworleyparsons.com/Responsibility/leadership.aspx
"ameriprise financial services, inc._0",https://www.joinameriprise.com/about/
novartis_2,http://www.novartisoncology.com/us/about-us/leadership-team.jsp
novartis_1,http://www.novartis.com/about-novartis/people/executive-committee.shtml
novartis_0,http://www.novartisoncology.com/about-us/leadership-team.jsp
cleveland clinic_1,http://clevelandclinicabudhabi.ae/en/about-us/Pages/leadership-team.aspx
cleveland clinic_0,http://my.clevelandclinic.org/about-cleveland-clinic/overview/leadership/executive
cleveland clinic_2,http://innovations.clevelandclinic.org/About-Us/Innovations-Team/Leadership.aspx
texas instruments_1,http://www2.l-3com.com/uas/about/leadership.htm
texas instruments_0,http://www.prnewswire.com/news-releases/texas-instruments-expands-its-rfid-management-team-54421132.html
jcpenney_1,http://www.prnewswire.com/news-releases/jcpenney-announces-expansion-of-its-leadership-team-149084715.html
jcpenney_0,http://www.jcpnewsroom.com/posts/64/JCPENNEY-ANNOUNCES-EXPANSION-OF-ITS-LEADERSHIP-TEAM
jcpenney_2,http://www.pretamarque.com/2012/04/26/jcpenney-announces-expansion-of-its-leadership-team/
j.p. morgan_2,https://www.jpmorgan.com/pages/jpmorgan/russia/en/about/management
j.p. morgan_0,http://www.jpmorganchase.com/corporate/About-JPMC/operating-committee.htm
j.p. morgan_1,https://www.linkedin.com/job/j-p-morgan/management-team-lead-jobs-new-york-ny/
lockheed martin aeronautics_0,http://www.prnewswire.com/news-releases/lockheed-martin-names-ct-tom-burbage-executive-vice-president-for-joint-strike-fighter-program-75617947.html
citigroup_1,http://www.reuters.com/article/2013/01/07/us-citigroup-executives-idUSBRE9060F420130107
university of illinois at urbana-champaign_0,http://www.vpha.uillinois.edu/leadership-team
fedex services_0,http://about.van.fedex.com/our-story/leadership/
citibank_0,http://www.citigroup.com/citi/about/our_leaders.html
citibank_1,http://www.citi.com/citi/about/our_leaders.html#!Apte_2
citibank_2,http://www.citibank.com/citi/about/our_leaders.html?group=executivecommittee
avon_0,http://www.teammoneymakers.com/leadership.htm
principal financial group_0,http://www.principal.com/about/leadership.htm
fannie mae_2,http://www1.fanniemae.com/portal/about-us/company-overview/leadership/nichols.html
fannie mae_1,http://www.fanniemae.com/portal/about-us/company-overview/leadership/mayopoulos.html
fannie mae_0,http://www.fanniemae.com/portal/about-us/company-overview/fm-leadership.html
kraft foods_1,http://www.mondelezinternational.com/about-us/our-management-team
kraft foods_0,http://www.fool.com/investing/general/2015/02/12/kraft-foods-group-inc-shakes-up-management-team-af.aspx
kraft foods_2,http://articles.chicagotribune.com/2012-01-09/business/chi-kraft-names-leadership-teams-for-snacks-grocery-businesses-20120109_1_kraft-foods-irene-rosenfeld-snacks
chrysler_1,http://www.chryslercareers.com/OurCulture/Leadership/Pages/home.aspx
chrysler_0,http://www.automotivemanufacturingsolutions.com/people/changes-to-chrysler-leadership-team
chrysler_2,http://chryslerfinancial-photos.com/leadership-team/
target_0,http://pressroom.target.com/leadership
target_1,http://www.actiontarget.com/management-team
wipro technologies_0,http://wiproinfra.com/about-us/management-team.php
wipro technologies_1,http://knowledge.wharton.upenn.edu/article/team-leadership-at-wipro-are-two-ceos-better-than-one/
wipro technologies_2,http://www.happiestminds.com/about-us/leadership-team/
n/a_0,http://investor.citizensbank.com/about-us/our-company/leadership/leadership-team.aspx
sap_0,http://www.sap.com/india/about/management-team.html
sap_1,http://go.sap.com/about/management-team.html
sap_2,http://www.sap.com/australia/about/management-team.html
us airways_1,http://www.usatoday.com/story/todayinthesky/2013/06/10/american-airlines-us-airways-leadership-merger/2407605/
us airways_0,http://aviationblog.dallasnews.com/2013/06/parkers-aa-executive-team-will-have-five-from-us-airways-three-from-american-airlines.html/
us airways_2,http://skift.com/2013/06/12/american-airlines-leadership-team-gets-heavy-us-airways-stamp/
mercer_2,https://www.pehub.com/2013/10/mercer-beefs-ma-leadership-team/
mercer_1,http://www.mercer.ca/content/mercer/north-america/ca/en/about-us/leadership.html
aecom_0,http://enr.construction.com/people/promotions/2014/0915-corps-of-engineers-names-new-deputy-commander-aecom-unveils-management-team-after-the-urs-deal-close.asp
internal revenue service_1,http://www.prnewswire.com/news-releases/avineon-expands-leadership-team-to-support-internal-revenue-service-contract-58304412.html
internal revenue service_0,http://www.lirs.gov.ng/about-us/management-team/
internal revenue service_2,http://www.icfi.com/news/archives/2006/icf-team-awarded-internal-revenue-service-subcontract
travelers_2,http://traveloneinc.com/about-us/leadership-team-2/
adp_0,http://www.adp.com/who-we-are/leadership.aspx
travelers_0,http://www.travelers.ie/about-us/leadership-team.aspx
travelers_1,http://www.travelerscanada.ca/about-us/leadership.aspx
general electric_0,http://www.ge.com/about-us/leadership/corporate-executives
suntrust bank_0,http://www.bizjournals.com/jacksonville/news/2014/05/13/new-leadership-team-for-suntrust.html
suntrust bank_1,http://investors.suntrust.com/governance/management-team/default.aspx
suntrust bank_2,https://www.suntrustrh.com/about-strh/management-team
general electric_1,http://www.electricinsurance.com/About_Electric_Insurance/Team/
aetna_2,https://qawww.aetnastudenthealth.com/about/leadership-team.aspx
aetna_1,http://www.aetna-foundation.org/foundation/about-aetna-foundation/leadership-team/index.html
aetna_0,https://www.aetna.com/about-us/aetna-leadership.html
booz allen hamilton_2,http://mena.boozallen.com/en/about/leadership
capgemini_2,https://www.in.capgemini.com/news/capgemini-expands-global-leadership-team-in-india
capgemini_1,https://www.capgemini.com/about/governance/management-team
capgemini_0,https://www.capgemini-consulting.com/leadership
jones lang lasalle_0,http://www.us.jll.com/united-states/en-us/about/americas-management
jones lang lasalle_1,http://marketing.joneslanglasalle.com/philadelphiaindustrial/team-members.html
jones lang lasalle_2,http://www.us.jll.com/united-states/en-us/about/global-management
jp morgan chase_0,http://www.slideshare.net/finance2/jpmorgan-chase-leadership-team-and-our-businesses
basf_2,https://www.gupta-verlag.com/news/industry/4154/change-in-basfs-leadership-team
basf_1,http://www.agro.basf.com/agr/AP-Internet/en/content/about_us/management/index
basf_0,http://www.basf-new-business.com/en/about-us/management-team/
verizon_1,http://www.verizonwireless.com/aboutus/leadership/executive.html
verizon_0,http://www.verizon.com/about/our-company/executive-bios/
verizon_2,http://news.verizonenterprise.com/executive-team/
siemens healthcare_0,http://www.vasomedical.com/vasomedical-leadership.php
siemens healthcare_1,http://www.healthcare.siemens.co.uk/infrastructure-it/hospital-projects-and-consulting/managed-equipment-service/mes-meet-the-team
credit suisse_2,http://www.glassdoor.com/Interview/C-OOP-Leadership-Team-conflict-Ethical-problem-QTN_602336.htm
credit suisse_1,http://dealbook.nytimes.com/2014/10/17/credit-suisse-shakes-up-board-and-investment-banking-team/
credit suisse_0,https://www.credit-suisse.com/ch/en/investment-banking/about-investment-banking/management-team.html
xerox_1,http://www.xerox.com/about-xerox/executive-leadership/corporate-officers/enus.html
hp_1,http://www.pcworld.com/article/2042323/hp-shakes-up-management-team-of-pc-division.html
hp_0,http://www8.hp.com/us/en/hp-information/executive-team/team.html
xerox_0,http://www.xerox.com/about-xerox/executive-leadership/enus.html
hp_2,http://en.wikipedia.org/wiki/List_of_Hewlett-Packard_executive_leadership
lowe's home improvement_0,http://www.prnewswire.com/news-releases/lowes-promotes-new-executive-level-leadership-76885857.html
aon hewitt_2,http://www.programbusiness.com/News/Aon-Hewitt-Leadership-Team-in-Place
aon hewitt_0,http://www.aon.com/hongkong/about-aon/company-overview/management-team.jsp
aon hewitt_1,http://www.aonhewittrpo.com/about-us/management-team/
kimberly-clark_2,http://www.kimberly-clark.com.au/en/our-company/our-leadership/
nationwide insurance_1,http://www.nationwide.com/nationwide-employee-benefits-leadership.jsp
nationwide insurance_0,http://www.nationwide.com/about-us/executive-biographies.jsp
ups_2,http://www.ups.com/pressroom/us/bios/bios_index
northrop grumman_0,http://www.northropgrumman.com/AboutUs/BusinessSectors/InformationSystems/Pages/Leadership.aspx
northrop grumman_1,http://www.compositesworld.com/news/scaled-composites-names-new-top-management-team
northrop grumman_2,http://northropgrumman.jobs/woodland-hills-ca/supply-chain-manager-2-technology-domain-team/EAE609F655A940919BB4005A78EC9D5F/job/
hca_0,http://hcavirginia.com/locations/chippenham-hospital/our-leadership-team.dot
hca_1,http://hcavirginiahealthsystem.com/about/leadership/
hca_2,http://www.hca-leadership.com/about-us.aspx
wellpoint_2,http://wellpointhealth.ca/about/team/
whole foods market_1,http://www.wholefoodsmarket.com/tags/leadership
whole foods market_0,http://www.wholefoodsmarket.com/company-info/leadership-team
delta air lines_2,http://ir.delta.com/news-and-events/news/news-release-details/2008/Delta-Announces-Senior-Team-to-Lead-Airline-Following-Closing-of-Delta-Northwest-Merger/default.aspx
delta air lines_1,http://www.delta.com/content/www/en_US/about-delta/corporate-information.html
delta air lines_0,http://www.delta.com/content/www/en_US/about-delta/corporate-information/delta-leadership.html
amazon.com_0,http://www.amazon.com/Senior-Leadership-Teams-Center-Public/dp/1422103366
amazon.com_1,http://www.amazon.com/Leadership-Team-Coaching-Developing-Transformational/dp/0749469706
amazon.com_2,http://www.amazon.co.uk/Leadership-Team-Coaching-Developing-Transformational/dp/0749476052
netapp_2,http://www.nimblestorage.com/company/leadership.php
netapp_1,http://netappsolutions.com/about-us/management-team/
netapp_0,http://www.netapp.com/us/company/news/executive-bios.aspx
humana_1,http://www.humanaathome.com/About/LeadershipTeam.aspx
humana_0,http://www.fiercehealthpayer.com/story/humanas-leadership-changes-succession-plan-unfolds/2011-11-11
usps_0,https://about.usps.com/who-we-are/leadership/pmg-exec-comm.htm
usps_1,https://www.mypostalexam.com/articles/united-states-postal-service-executive-leadership-team.html
usps_2,http://postandparcel.info/64880/news/new-appointments-for-usps-executive-leadership-team/
cbre_2,http://www.cbre.co.nz/aboutus/mediacentre/Pages/CBRE-Project-Management-team---new-recruit.aspx
cbre_1,http://www.cbre.us/aboutus/Pages/Executive-Team.aspx
cbre_0,http://www.cbre.us/services/capitalmarkets/auction/Pages/leadership-team.aspx
quest diagnostics_0,http://www.questdiagnostics.com/home/about/management-team.html
quest diagnostics_1,http://www.questdiagnostics.com/home/physicians/technology/care360/discover-why-care360/Care360-Leadership-Team.html
charles schwab_1,http://pressroom.aboutschwab.com/press-release/corporate-and-financial-news/charles-schwab-investment-management-expands-executive-te
charles schwab_0,http://www.businesswire.com/news/home/20110712005236/en/Charles-Schwab-Investment-Management-Expands-Executive-Team
charles schwab_2,http://www.schwabbankfunds.com/public/sbf/about_us/bios
infosys_2,http://timesofindia.indiatimes.com/tech/tech-news/Infosys-creates-smaller-top-management-team/articleshow/32878377.cms
infosys_1,http://www.thehindu.com/business/Industry/infosys-unveils-new-leadership-team/article6120300.ece
infosys_0,http://www.infosys.com/about/management-profiles/
cognizant technology solutions_0,http://www.cognizant.com/company-overview/executive-leadership
cognizant technology solutions_1,http://www.livemint.com/Companies/h3ijlXv45JENl2B6i58GaN/Cognizant-reshuffles-its-senior-management-team.html
boston scientific_0,http://www.bostonscientific.com/en-US/about-us/executive-committee.html
boston scientific_1,http://www.prnewswire.com/news-releases/boston-scientific-announces-leadership-team-for-new-cardiac-rhythm-management-group-55320617.html
boston scientific_2,http://www.clinical-innovation.com/topics/technology-management/bos-scientific-shuffles-leadership-team-cuts-1000-jobs
teksystems_0,http://www.aerotek.com/about-aerotek/leadership.aspx
nationwide insurance_2,http://www.reactionsearch.com/insurance_executive_search/index.htm
ge_1,http://www.gecapital.com.au/our-leadership-team/
ge_0,http://www.ge.com/about-us/leadership/corporate-executives
ge_2,http://www.ge.com/about-us/leadership/business-executives
rr donnelley_1,http://whattheythink.com/news/6122-rr-donnelley-announces-additions-management-team/
rr donnelley_0,http://whattheythink.com/news/6479-rr-donnelley-announces-new-leadership-changes/
starbucks coffee company_0,https://news.starbucks.com/news/starbucks-strengthens-senior-leadership-team
rr donnelley_2,http://www.marketwired.com/press-release/officetiger-rr-donnelley-sign-definitive-merger-agreement-officetiger-management-team-nyse-rrd-584994.htm
law_0,http://www.azsummitlaw.edu/about/leadership/leadership-team
law_1,http://www.tklaw.com/leadership-team/
law_2,http://www.serengetilaw.com/aboutus/Pages/leadership.aspx
ibm global services_1,http://www.telstra.com.au/aboutus/our-company/present/leadership-team/
ibm global services_0,http://www.wsj.com/articles/ibm-to-change-leadership-at-global-services-unit-1415065344
international paper_2,http://www.internationalpaper.com/CHINA/EN/Company/Leadership/ExecutiveOfficers.html
international paper_0,http://www.internationalpaper.com/US/EN/Company/Leadership/index.html
international paper_1,http://leadershippop.com/83783/international-paper-leadership-team/
morgan stanley smith barney_0,http://www.financial-planning.com/news/morgan-stanley-smith-barney-executive-team-announced-2661528-1.html
google_0,http://www.google.com/about/company/facts/management/
google_1,http://blog.idonethis.com/google-most-important-leadership-trait/
google_2,http://www.businessinsider.com/facebook-senior-management-team-2012-8?op=1
boeing_2,http://www.seattletimes.com/business/boeing-names-leadership-team-for-777x/
boeing_1,http://www.boeing.com/company/about-bds/
boeing_0,http://aviationpartnersboeing.com/about_leadership.php
penn state university_0,http://www.engr.psu.edu/swe/Leadership.aspx
penn state university_1,http://www.psu.edu/feature/2013/05/07/leadership-action
fedex express_0,http://about.van.fedex.com/our-story/leadership/
fedex express_1,http://about.van.fedex.com/newsroom/asia-english/fedex-express-announces-key-appointments-to-asia-pacific-senior-management-team/
fedex express_2,"http://www.glassdoor.com/Hourly-Pay/Fedex-Express-Team-Leader-Hourly-Pay-E22767_D_KO14,25.htm"
whole foods market_2,http://www.statesman.com/news/business/employment/at-whole-foods-team-management-goes-all-the-way-to/nRyBq/
kohl's department stores_2,http://www.westchestercountyjobs.com/job/28909568/assistant-store-manager-port-chester-ny/
kohl's department stores_1,https://www.aftercollege.com/company/kohls/128913/36871816/
kohl's department stores_0,https://www.scribd.com/doc/26834458/Kohls-Executives-Construction-and-Real-Estate
enterprise rent-a-car_2,http://jobs.enterprise.com/egham-gbr/manager-it-project-management-team/11AAF465F1C040398F55AD3D9560E8CE/job/
enterprise rent-a-car_1,http://www.enterpriseholdings.com/press-room/executive-bios/
enterprise rent-a-car_0,http://www.enterpriseholdings.com/about-us/leadership/
johnson controls_2,http://www.cmmonline.com/articles/print/234192-johnson-controls-expands-leadership-team
the home depot_0,https://corporate.homedepot.com/OurCompany/Leadership/Pages/default.aspx
johnson controls_0,http://www.prnewswire.com/news-releases/johnson-controls-announces-cardkey-systems-executive-leadership-team-appointments-72494057.html
johnson controls_1,http://article.wn.com/view/2015/01/08/Johnson_Controls_Expands_Leadership_Team_ISSA_The_Worldwide_/
caterpillar inc._0,http://www.leadersmag.com/issues/2013.3_Jul/ROB/LEADERS-Doug-Oberhelman-Caterpillar-Inc.html
bae systems_2,http://fedscoop.com/hudson-departs-bae-systems-warning-u-s-stem-leadership/
bae systems_0,http://www.baesystems-ps.com/cas/aboutus/leadership-team.jspx
bae systems_1,http://www.govconwire.com/2013/09/joanna-cangianelli-manish-parikh-join-bae-intell-leadership-team-deette-gray-comments/
prudential financial_0,http://www.simplyhired.com/job/executive-assistant-job/prudential-financial/ezrv7rmrcn
prudential financial_1,http://www.nj.com/business/index.ssf/2008/01/prudential_announces_executive.html
cisco_2,http://newsroom.cisco.com/leadership
cisco_1,http://www.cisco.com/web/ZA/contacts/leadership-team.html
cisco_0,http://newsroom.cisco.com/exec-bios
qualcomm_2,http://www.zdnet.com/article/microsoft-adds-former-qualcomm-exec-peggy-johnson-to-senior-leadership-team/
qualcomm_0,http://www.qualcommlife.com/leadership-team
qualcomm_1,https://qualcommventures.com/team/
apple_2,http://www.fastcompany.com/3034482/most-innovative-companies/apple-shows-off-a-more-diverse-leadership-team
apple_0,http://www.apple.com/pr/bios/
apple_1,http://www.appleamerican.com/about/leadershipTeam.aspx
siemens_2,http://www.businessandleadership.com/leadership/item/46114-siemens-announces-new-leade
adp_1,http://americandentalpractices.com/management-team/
siemens_0,http://www.plm.automation.siemens.com/en_us/about_us/leadership/
siemens_1,http://www.radiologybusiness.com/topics/leadership/siemens-names-new-healthcare-leadership-team
hcl technologies_2,http://www.hclinfosystems.com/about-us/executive-team
hcl technologies_0,http://www.hcltech.com/about-us/leadership/board-of-directors
hcl technologies_1,http://hcl.com/leadership
macy's_1,http://www.macysinc.com/about-us/board-corporate-management/executive-management-team/default.aspx
macy's_0,http://www.macysinc.com/press-room/executive-management-team/default.aspx
macy's_2,http://www.businesswire.com/news/home/20130128006360/en/Macy%E2%80%99s-Announces-Executive-Management
